query,symbol,name,market,source
금호타이어 주가,073240,금호타이어,KOSPI,web_search_verified_2026-06-25
금호타이어 공급계약,073240,금호타이어,KOSPI,catalyst_query_generated_2026-06-25
금호타이어 수주,073240,금호타이어,KOSPI,catalyst_query_generated_2026-06-25
금호타이어 실적 개선,073240,금호타이어,KOSPI,catalyst_query_generated_2026-06-25
금호타이어 자사주,073240,금호타이어,KOSPI,catalyst_query_generated_2026-06-25
금호타이어 배당,073240,금호타이어,KOSPI,catalyst_query_generated_2026-06-25
금호타이어 흑자전환,073240,금호타이어,KOSPI,catalyst_query_generated_2026-06-25
금호타이어 특허,073240,금호타이어,KOSPI,catalyst_query_generated_2026-06-25
금호타이어 투자 유치,073240,금호타이어,KOSPI,catalyst_query_generated_2026-06-25
GC메디아이 주가,032620,GC메디아이,KOSDAQ,web_search_verified_2026-06-25
GC메디아이 공급계약,032620,GC메디아이,KOSDAQ,catalyst_query_generated_2026-06-25
GC메디아이 수주,032620,GC메디아이,KOSDAQ,catalyst_query_generated_2026-06-25
GC메디아이 실적 개선,032620,GC메디아이,KOSDAQ,catalyst_query_generated_2026-06-25
GC메디아이 자사주,032620,GC메디아이,KOSDAQ,catalyst_query_generated_2026-06-25
GC메디아이 배당,032620,GC메디아이,KOSDAQ,catalyst_query_generated_2026-06-25
GC메디아이 흑자전환,032620,GC메디아이,KOSDAQ,catalyst_query_generated_2026-06-25
GC메디아이 특허,032620,GC메디아이,KOSDAQ,catalyst_query_generated_2026-06-25
GC메디아이 투자 유치,032620,GC메디아이,KOSDAQ,catalyst_query_generated_2026-06-25
글로벌텍스프리 주가,204620,글로벌텍스프리,KOSDAQ,web_search_verified_2026-06-25
글로벌텍스프리 공급계약,204620,글로벌텍스프리,KOSDAQ,catalyst_query_generated_2026-06-25
글로벌텍스프리 수주,204620,글로벌텍스프리,KOSDAQ,catalyst_query_generated_2026-06-25
글로벌텍스프리 실적 개선,204620,글로벌텍스프리,KOSDAQ,catalyst_query_generated_2026-06-25
글로벌텍스프리 자사주,204620,글로벌텍스프리,KOSDAQ,catalyst_query_generated_2026-06-25
글로벌텍스프리 배당,204620,글로벌텍스프리,KOSDAQ,catalyst_query_generated_2026-06-25
글로벌텍스프리 흑자전환,204620,글로벌텍스프리,KOSDAQ,catalyst_query_generated_2026-06-25
글로벌텍스프리 특허,204620,글로벌텍스프리,KOSDAQ,catalyst_query_generated_2026-06-25
글로벌텍스프리 투자 유치,204620,글로벌텍스프리,KOSDAQ,catalyst_query_generated_2026-06-25
원텍 주가,336570,원텍,KOSDAQ,web_search_verified_2026-06-25
원텍 공급계약,336570,원텍,KOSDAQ,catalyst_query_generated_2026-06-25
원텍 수주,336570,원텍,KOSDAQ,catalyst_query_generated_2026-06-25
원텍 실적 개선,336570,원텍,KOSDAQ,catalyst_query_generated_2026-06-25
원텍 자사주,336570,원텍,KOSDAQ,catalyst_query_generated_2026-06-25
원텍 배당,336570,원텍,KOSDAQ,catalyst_query_generated_2026-06-25
원텍 흑자전환,336570,원텍,KOSDAQ,catalyst_query_generated_2026-06-25
원텍 특허,336570,원텍,KOSDAQ,catalyst_query_generated_2026-06-25
원텍 투자 유치,336570,원텍,KOSDAQ,catalyst_query_generated_2026-06-25
더즌 주가,462860,더즌,KOSDAQ,web_search_verified_2026-06-25
더즌 공급계약,462860,더즌,KOSDAQ,catalyst_query_generated_2026-06-25
더즌 수주,462860,더즌,KOSDAQ,catalyst_query_generated_2026-06-25
더즌 실적 개선,462860,더즌,KOSDAQ,catalyst_query_generated_2026-06-25
더즌 자사주,462860,더즌,KOSDAQ,catalyst_query_generated_2026-06-25
더즌 배당,462860,더즌,KOSDAQ,catalyst_query_generated_2026-06-25
더즌 흑자전환,462860,더즌,KOSDAQ,catalyst_query_generated_2026-06-25
더즌 특허,462860,더즌,KOSDAQ,catalyst_query_generated_2026-06-25
더즌 투자 유치,462860,더즌,KOSDAQ,catalyst_query_generated_2026-06-25
